{
    "usedGridSearch": true, 
    "gridSize": 3, 
    "modelInputNRows": 20120, 
    "modelInputNCols": 105, 
    "modelInputMemory": 16900800, 
    "gridCells": [
        {
            "scoreTimeStd": 0.018239152027072603, 
            "scoreTime": 0.11, 
            "fitTime": 0.38966666666666666, 
            "score": 0.21164863762766173, 
            "params": {
                "alpha": 1.0
            }, 
            "fitTimeStd": 0.04054901012629311, 
            "scoreStd": 0.09684105919861476
        }, 
        {
            "scoreTimeStd": 0.010338708279513881, 
            "scoreTime": 0.02366666666666667, 
            "fitTime": 0.219, 
            "score": 0.26175285321058855, 
            "params": {
                "alpha": 0.1
            }, 
            "fitTimeStd": 0.1562711319043497, 
            "scoreStd": 0.11685965553439441
        }, 
        {
            "scoreTimeStd": 0.004642796092394707, 
            "scoreTime": 0.021666666666666667, 
            "fitTime": 0.081, 
            "score": 0.14162350906335514, 
            "params": {
                "alpha": 3.0
            }, 
            "fitTimeStd": 0.008286535263104031, 
            "scoreStd": 0.06656089065219155
        }
    ], 
    "lmCoefficients": {
        "interceptStderr": null, 
        "interceptTstat": null, 
        "rescaledInterceptCoef": -3007.651594012953, 
        "rescaledCoefs": [
            -0.18354448868535836, 
            0.039641324895342896, 
            1.550446904310226, 
            -98.91603308379621, 
            5.764483132004766, 
            -23.83773574117086, 
            19.256907038785393, 
            336.664309759287, 
            6.397826146075741, 
            2.390340859998918, 
            -208.11689814996842, 
            -11.352008217235756, 
            -181.39516474048614, 
            -11.826482413004145, 
            171.78849796344429, 
            -130.32855533104143, 
            1746.648703575773, 
            11.660607997425439, 
            48.54266016370797, 
            866.8700967176038, 
            27.057480511430185, 
            253.07509614843892, 
            -141.7033201229726, 
            69.6974181999871, 
            685.0026451363607, 
            -107.99901008164451, 
            78.53794848977482, 
            968.7761856626798, 
            -88.39639473836672, 
            156.08551794120422, 
            1357.3050462100155, 
            -75.49902406653091, 
            106.31334820593749, 
            30.109347399787914, 
            437.89032967305934, 
            34.117925047323546, 
            -44.447719271352035, 
            -102.29114966043352, 
            -81.79387511064597, 
            -98.04821694803701, 
            -75.41279898004242, 
            -82.41840687620626, 
            265.48293566613677, 
            13.794132427427858, 
            53.170185867061384, 
            65.2859395005719, 
            -234.87809631785908, 
            -178.14160760098324, 
            96.52100169982064, 
            -38.64910510849168, 
            -196.8448886087773, 
            -87.16847423208476, 
            777.1793423239981, 
            -3.838179956885143, 
            -68.9436998731959, 
            -98.02890435085646, 
            -87.6897705333533, 
            -152.5429370636014, 
            -182.78993094424902, 
            226.38329487784668, 
            59.66998114808945, 
            -39.48109427255076, 
            -1539.1978522174297, 
            11.782737193429082, 
            -114.44722542631104, 
            463.75726204343863, 
            176.12609539961528, 
            -27.005101236498447, 
            1370.8198875552928, 
            25.162850721463563, 
            -189.01300874368442, 
            -199.37537972646996, 
            26.844371099443986, 
            -93.87841898395403, 
            -28.50426379307579, 
            -74.01796409544207, 
            89.52417941025783, 
            59.88160755891859, 
            432.9482790682053, 
            587.6653953990492, 
            -36.734637156220224, 
            532.0807176294998, 
            102.78249617713828, 
            -88.34928425331057, 
            -30.66898422201866, 
            -61.39388707231048, 
            14.314237385030518, 
            318.0883016453201, 
            -3.597686194743843, 
            -8.085713433919928, 
            93.35525617255051, 
            -10.849071854963599, 
            0.9705485703002912, 
            -8.152812615684125, 
            -10.587131220803164, 
            -176.43024240121852, 
            22.941980360764408, 
            -40.0937465436882, 
            7.6788566367568185, 
            -106.82278364951982, 
            -34.89680330613341, 
            -215.77556290858098, 
            -4.258371443501651, 
            -80.1542943395722
        ],