{
    "shifts": [
        4319.147882703789, 
        249.50074552683895, 
        1979.960536779324
    ], 
    "columns": [
        "Revenue (in millions)", 
        "Rank", 
        "Year"
    ], 
    "inv_scales": [
        8.759326305784149e-05, 
        0.0069138753525256735, 
        0.06760818191662175
    ]
}