{
    "rescale": [
        true, 
        true, 
        true
    ], 
    "shift": [
        5596.057926829269, 
        4973.09756097561, 
        32843.41463414634
    ], 
    "inv_scale": [
        0.00024365216561181502, 
        0.0003530464349947903, 
        5.1411136699568426e-05
    ], 
    "column_2": [
        "Sp. Atk", 
        "HP", 
        "Total"
    ], 
    "column_1": [
        "Speed", 
        "Speed", 
        "Speed"
    ]
}