{
    "pw_linear": {
        "shifts": {
            "pw_linear:Generation+Attack": -6.44470926489725e-16, 
            "pw_linear:HP-Total": 4.1701059949335146e-16, 
            "pw_linear:HP+Sp. Def": 1.2726946867654232e-16, 
            "pw_linear:Generation-Sp. Atk": 6.092687330260006e-17, 
            "pw_linear:HP-Sp. Atk": 1.0289871935550232e-16, 
            "pw_linear:HP-Defense": 2.1662888285368908e-16, 
            "pw_linear:Generation-HP": -2.0308957767533352e-16, 
            "pw_linear:Sp. Atk+Attack": 2.816175477097958e-16, 
            "pw_linear:Generation-Total": 7.615859162825007e-17, 
            "pw_linear:Sp. Def-Total": 1.2185374660520012e-16, 
            "pw_linear:Defense-Speed": -1.1508409401602233e-16, 
            "pw_linear:Attack-Defense": 5.821901226692894e-17, 
            "pw_linear:Sp. Atk+Speed": 4.0347129431499593e-16, 
            "pw_linear:Defense-Total": 2.38291771139058e-16, 
            "pw_linear:Sp. Def-Attack": -1.5231718325650015e-16, 
            "pw_linear:Sp. Atk-Defense": 5.95729427847645e-17, 
            "pw_linear:HP+Sp. Atk": 3.682691008512714e-16, 
            "pw_linear:HP-Attack": 1.25238572899789e-16, 
            "pw_linear:Sp. Def-Defense": -1.2997732971221344e-16, 
            "pw_linear:Sp. Def-Speed": -2.599546594244269e-16, 
            "pw_linear:Sp. Def+Attack": 2.0308957767533352e-16, 
            "pw_linear:Sp. Atk-Speed": -5.144935967775116e-17, 
            "pw_linear:Attack-Total": 2.751863777500769e-16, 
            "pw_linear:Sp. Atk+Total": 4.8741498642080043e-17, 
            "pw_linear:Generation+HP": 1.5732672617249169e-15, 
            "pw_linear:Generation+Speed": -3.791005449939559e-17, 
            "pw_linear:Generation+Defense": 1.814266893899646e-16, 
            "pw_linear:Generation-Sp. Def": -3.5879158722642255e-17, 
            "pw_linear:HP-Sp. Def": 2.9651078340598695e-16, 
            "pw_linear:Sp. Def+Sp. Atk": 1.0560658039117342e-16, 
            "pw_linear:Defense+Speed": 3.0378815993935305e-16, 
            "pw_linear:Sp. Def+Total": -2.247524659607024e-16, 
            "pw_linear:Sp. Def+Defense": 4.06179155350667e-17, 
            "pw_linear:Sp. Atk-Attack": 4.197184605290226e-17, 
            "pw_linear:Defense+Total": -8.529762262364008e-17, 
            "pw_linear:Attack+Total": 1.2456160764087123e-16, 
            "pw_linear:HP+Total": 1.9631992508615573e-16, 
            "pw_linear:Total+Speed": 2.7078610356711136e-18, 
            "pw_linear:Generation-Speed": -5.280329019558671e-17, 
            "pw_linear:Sp. Atk-Total": 3.290051158340403e-16, 
            "pw_linear:HP-Speed": 6.617335405921284e-17, 
            "pw_linear:Generation-Attack": -5.584963386071672e-17, 
            "pw_linear:HP+Attack": 4.4002741829655594e-16, 
            "pw_linear:Sp. Def-Sp. Atk": -2.0173564715749796e-16, 
            "pw_linear:Generation+Sp. Def": -1.0831444142684454e-16, 
            "pw_linear:Sp. Atk+Defense": 2.409996321747291e-16, 
            "pw_linear:Sp. Def+Speed": 1.624716621402668e-16, 
            "pw_linear:Attack+Speed": 3.1411188013784915e-16, 
            "pw_linear:Generation+Sp. Atk": -9.77537833877272e-16, 
            "pw_linear:Attack+Defense": 1.9158116827373128e-16, 
            "pw_linear:Attack-Speed": -1.062835456500912e-16, 
            "pw_linear:Total-Speed": -3.8993198913664035e-16, 
            "pw_linear:HP+Speed": 5.10093322594546e-16, 
            "pw_linear:Generation-Defense": 8.394369210580452e-17, 
            "pw_linear:HP+Defense": 2.836484434865491e-16, 
            "pw_linear:Generation+Total": -5.388643460985516e-16
        }, 
        "inv_scales": {
            "pw_linear:Generation+Attack": 0.6960100310002973, 
            "pw_linear:HP-Total": 1.2281918499924886, 
            "pw_linear:HP+Sp. Def": 0.6139759947390672, 
            "pw_linear:Generation-Sp. Atk": 0.7045952741668475, 
            "pw_linear:HP-Sp. Atk": 0.9680991544457868, 
            "pw_linear:HP-Defense": 0.7950907672472913, 
            "pw_linear:Generation-HP": 0.7311947909806101, 
            "pw_linear:Sp. Atk+Attack": 0.6014102206142727, 
            "pw_linear:Generation-Total": 0.7188132723324834, 
            "pw_linear:Sp. Def-Total": 1.288950566787359, 
            "pw_linear:Defense-Speed": 0.6914122720021061, 
            "pw_linear:Attack-Defense": 0.8892724686685376, 
            "pw_linear:Sp. Atk+Speed": 0.5908315078943432, 
            "pw_linear:Defense-Total": 1.0826238482961468, 
            "pw_linear:Sp. Def-Attack": 0.8171179438550037, 
            "pw_linear:Sp. Atk-Defense": 0.7678539971667431, 
            "pw_linear:HP+Sp. Atk": 0.5839063826866113, 
            "pw_linear:HP-Attack": 1.0286956350654795, 
            "pw_linear:Sp. Def-Defense": 1.0099066037943618, 
            "pw_linear:Sp. Def-Speed": 0.8019950992533258, 
            "pw_linear:Sp. Def+Attack": 0.6321672751481041, 
            "pw_linear:Sp. Atk-Speed": 0.9385049180909774, 
            "pw_linear:Attack-Total": 1.3929374181263816, 
            "pw_linear:Sp. Atk+Total": 0.5368648851641411, 
            "pw_linear:Generation+HP": 0.6852525905893979, 
            "pw_linear:Generation+Speed": 0.7068234696018039, 
            "pw_linear:Generation+Defense": 0.7033035832223079, 
            "pw_linear:Generation-Sp. Def": 0.7221673203845581, 
            "pw_linear:HP-Sp. Def": 0.8615426544973623, 
            "pw_linear:Sp. Def+Sp. Atk": 0.5831493550339731, 
            "pw_linear:Defense+Speed": 0.7239209819168216, 
            "pw_linear:Sp. Def+Total": 0.5424780869869019, 
            "pw_linear:Sp. Def+Defense": 0.5754808227663656, 
            "pw_linear:Sp. Atk-Attack": 0.899757331021572, 
            "pw_linear:Defense+Total": 0.5637215174859938, 
            "pw_linear:Attack+Total": 0.5357016327368889, 
            "pw_linear:HP+Total": 0.5474158049582366, 
            "pw_linear:Total+Speed": 0.5658492679257132, 
            "pw_linear:Generation-Speed": 0.7073904337185972, 
            "pw_linear:Sp. Atk-Total": 1.3729903257642966, 
            "pw_linear:HP-Speed": 0.8289225926440977, 
            "pw_linear:Generation-Attack": 0.7187517967703679, 
            "pw_linear:HP+Attack": 0.5721284261611113, 
            "pw_linear:Sp. Def-Sp. Atk": 0.9715746813039433, 
            "pw_linear:Generation+Sp. Def": 0.6929508218773536, 
            "pw_linear:Sp. Atk+Defense": 0.6588172558874329, 
            "pw_linear:Sp. Def+Speed": 0.6394949162627039, 
            "pw_linear:Attack+Speed": 0.5974830172137328, 
            "pw_linear:Generation+Sp. Atk": 0.7096453376538265, 
            "pw_linear:Attack+Defense": 0.6046224824257976, 
            "pw_linear:Attack-Speed": 0.9133393818575207, 
            "pw_linear:Total-Speed": 1.0679413231532762, 
            "pw_linear:HP+Speed": 0.6268841454350433, 
            "pw_linear:Generation-Defense": 0.7109723527828606, 
            "pw_linear:HP+Defense": 0.6430708152726348, 
            "pw_linear:Generation+Total": 0.6959542220028081
        }
    }, 
    "polynomial_interaction": {
        "shifts": {
            "poly_int:Sp. Atk * Total": 0.27148706284536817, 
            "poly_int:HP * Speed": 0.5716577304003303, 
            "poly_int:Defense * Speed": 0.6969165855332744, 
            "poly_int:Attack * Defense": 0.46888117083674424, 
            "poly_int:Generation * Sp. Atk": 0.5258978451518876, 
            "poly_int:Sp. Def * Sp. Atk": 0.06460388056098242, 
            "poly_int:Generation * Defense": 0.2503745434617667, 
            "poly_int:HP * Attack": 0.15150377743676444, 
            "poly_int:HP * Sp. Def": 0.010811418316022947, 
            "poly_int:Generation * Speed": 0.7400414003037101, 
            "poly_int:HP * Total": -0.04577368405889344, 
            "poly_int:Attack * Total": 0.43101067586484326, 
            "poly_int:Sp. Def": 1.0709590396079254e-15, 
            "poly_int:HP * Defense": 0.5082071629388315,