{
    "per_feature": {
        "Revenue (in millions)": {
            "stats": {
                "std": 7027.922701946597, 
                "p99": 32196.700000000026, 
                "min": 57.2, 
                "max": 73061.0, 
                "average": 3793.879112271541, 
                "median": 1120.6
            }, 
            "missing_impute_with_value": 3793.879112271541
        }, 
        "Company": {
            "stats": {
                "mostFrequentValue": "Lever Brothers", 
                "leastFrequentValue": "Todd Shipyards"
            }, 
            "category_possible_counts": [
                4, 
                3, 
                3, 
                3, 
                3, 
                3, 
                3, 
                3, 
                3, 
                2, 
                2, 
                2, 
                2, 
                2, 
                2, 
                2, 
                2, 
                2, 
                2, 
                2, 
                2, 
                2, 
                2, 
                2, 
                2, 
                2, 
                2, 
                2, 
                2, 
                2, 
                2, 
                2, 
                2, 
                2, 
                2, 
                2, 
                2, 
                2, 
                2, 
                2, 
                2, 
                2, 
                2, 
                2, 
                2, 
                2, 
                2, 
                2, 
                2, 
                2, 
                2, 
                2, 
                2, 
                2, 
                2, 
                2, 
                2, 
                2, 
                2, 
                2, 
                2, 
                1, 
                1, 
                1, 
                1, 
                1, 
                1, 
                1, 
                1, 
                1, 
                1, 
                1, 
                1, 
                1, 
                1, 
                1, 
                1, 
                1, 
                1, 
                1, 
                1, 
                1, 
                1, 
                1, 
                1, 
                1, 
                1, 
                1, 
                1, 
                1, 
                1, 
                1, 
                1, 
                1, 
                1, 
                1, 
                1, 
                1, 
                1, 
                1, 
                1
            ], 
            "category_possible_values": [
                "Lever Brothers", 
                "Temple-Inland", 
                "Rockwell Automation", 
                "Xerox", 
                "NCR", 
                "Amoco", 
                "Sealed Air", 
                "Boeing", 
                "Schering-Plough", 
                "Bell & Howell", 
                "AM International", 
                "Kaiser Industries", 
                "National Semiconductor", 
                "Richardson-Vicks", 
                "Kerr-McGee", 
                "PPG Industries", 
                "Citgo Petroleum", 
                "Emerson Electric", 
                "PG&E Corp.", 
                "Avon Products", 
                "Stone Container", 
                "Hewlett-Packard", 
                "Springs Industries", 
                "H.J. Heinz", 
                "Kane-Miller", 
                "Meritor Automotive", 
                "Williams", 
                "Cerro", 
                "Ward Foods", 
                "General Electric", 
                "Honeywell", 
                "Air Products & Chem.", 
                "Federal Paper Board", 
                "Imcera Group", 
                "Kaisertech", 
                "I-T-E Imperial", 
                "Federal-Mogul", 
                "Goodrich", 
                "American Cyanamid", 
                "Kayser-Roth", 
                "Beatrice", 
                "Georgia-Pacific", 
                "Brunswick", 
                "Sheller-Globe", 
                "Plains All Amer. Pipeline", 
                "Smurfit-Stone Container", 
                "Chrysler", 
                "Unocal", 
                "Reynolds Metals", 
                "Interstate Bakeries", 
                "Rexnord", 
                "Uniroyal", 
                "Humana", 
                "Champion International", 
                "Chemetron", 
                "PepsiCo", 
                "Federated Dept. Stores", 
                "Combustion Engineering", 
                "Penn Central", 
                "IMC Global", 
                "ITT Industries", 
                "Carnation", 
                "Budd", 
                "AMF", 
                "Capital One Financial", 
                "Abbott Laboratories", 
                "Norton", 
                "Herman Miller", 
                "Weyerhaeuser", 
                "Castle & Cooke", 
                "Tyco International", 
                "Medtronic", 
                "American Bakeries", 
                "Ekco Products", 
                "Quest Diagnostics", 
                "Atlantic Richfield", 
                "Shaw Industries", 
                "Crucible Steel", 
                "BB&T Corp.", 
                "Central Soya", 
                "Clark Equipment", 
                "Richfield Oil", 
                "Sundstrand", 
                "Great Western United", 
                "Aetna", 
                "Continental Group", 
                "Ex-Cell-O", 
                "Alcoa", 
                "Molson Coors Brewing", 
                "Paccar", 
                "Owens-Illinois", 
                "Scovill", 
                "Amerada Hess", 
                "Union Planters Corp.", 
                "Northeast Utilities", 
                "Riviana Foods", 
                "R.R. Donnelley & Sons", 
                "Atlas Powder", 
                "Pullman", 
                "Lone Star Industries", 
                "Chance Vought"
            ]
        }, 
        "Profit (in millions)": {
            "stats": {}
        }, 
        "Rank": {
            "stats": {
                "std": 144.21249351086973, 
                "p99": 494.18, 
                "min": 4.0, 
                "max": 500.0, 
                "average": 239.98694516971278, 
                "median": 228.0
            }, 
            "missing_impute_with_value": 239.98694516971278
        }, 
        "Year": {
            "stats": {
                "std": 14.766942173838931, 
                "p99": 2005.0, 
                "min": 1955.0, 
                "max": 2005.0, 
                "average": 1979.9843342036554, 
                "median": 1979.0
            }, 
            "missing_impute_with_value": 1979.9843342036554
        }
    }, 
    "feature_order": [
        "Revenue (in millions)", 
        "Company", 
        "Profit (in millions)", 
        "Rank", 
        "Year"
    ]
}