{
    "shifts": [
        3793.879112271541, 
        239.98694516971278, 
        1979.9843342036554
    ], 
    "columns": [
        "Revenue (in millions)", 
        "Rank", 
        "Year"
    ], 
    "inv_scales": [
        0.00014228955587730348, 
        0.006934211978829885, 
        0.06771882683820601
    ]
}