{"cluster_labels": ["regular", "anomalies"], "proportions": [[0.9033816425120773, 0.0966183574879227], [0.1280193236714976, 0.12560386473429952, 0.0893719806763285, 0.0893719806763285, 0.08454106280193237, 0.057971014492753624, 0.05314009661835749, 0.05314009661835749, 0.050724637681159424, 0.050724637681159424, 0.04589371980676329, 0.04589371980676329, 0.04106280193236715, 0.03140096618357488, 0.026570048309178744, 0.016908212560386472, 0.004830917874396135, 0.004830917874396135], [0.23429951690821257, 0.08454106280193237, 0.0821256038647343, 0.07971014492753623, 0.06280193236714976, 0.06038647342995169, 0.05555555555555555, 0.05314009661835749, 0.04830917874396135, 0.043478260869565216, 0.033816425120772944, 0.033816425120772944, 0.033816425120772944, 0.033816425120772944, 0.028985507246376812, 0.014492753623188406, 0.00966183574879227, 0.007246376811594203]], "cluster_sizes": [393, 21], "levels": [["false", "true"], ["Water", "Bug", "Grass", "Normal", "Rock", "Fire", "Ghost", "Steel", "Dragon", "Dark", "Psychic", "Ground", "Electric", "Poison", "Ice", "Fighting", "Fairy", "Flying"], ["Flying", "Ground", "Poison", "Psychic", "Fighting", "Grass", "Fairy", "Steel", "Dark", "Dragon", "Water", "Rock", "Ice", "Ghost", "Fire", "Electric", "Normal", "Bug"]], "num_names": ["Attack", "Defense", "Generation", "HP", "Sp. Atk", "Sp. Def", "Speed", "Total"], "cluster_proportions": [[[0.9491094147582697, 0.05089058524173028], [0.13486005089058525, 0.1297709923664122, 0.09414758269720101, 0.09414758269720101, 0.08396946564885496, 0.061068702290076333, 0.05089058524173028, 0.05343511450381679, 0.030534351145038167, 0.05343511450381679, 0.035623409669211195, 0.04580152671755725, 0.043256997455470736, 0.03307888040712468, 0.027989821882951654, 0.017811704834605598, 0.005089058524173028, 0.005089058524173028], [0.24173027989821882, 0.08651399491094147, 0.08651399491094147, 0.07888040712468193, 0.06361323155216285, 0.06361323155216285, 0.05343511450381679, 0.05597964376590331, 0.04834605597964377, 0.03816793893129771, 0.035623409669211195, 0.03307888040712468, 0.027989821882951654, 0.03307888040712468, 0.022900763358778626, 0.01272264631043257, 0.010178117048346057, 0.007633587786259542]], [[0.047619047619047616, 0.9523809523809523], [0.0, 0.047619047619047616, 0.0, 0.0, 0.09523809523809523, 0.0, 0.09523809523809523, 0.047619047619047616, 0.42857142857142855, 0.0, 0.23809523809523808, 0.047619047619047616, 0.0, 0.0, 0.0, 0.0, 0.0, 0.0], [0.09523809523809523, 0.047619047619047616, 0.0, 0.09523809523809523, 0.047619047619047616, 0.0, 0.09523809523809523, 0.0, 0.047619047619047616, 0.14285714285714285, 0.0, 0.047619047619047616, 0.14285714285714285, 0.047619047619047616, 0.14285714285714285, 0.047619047619047616, 0.0, 0.0]]], "num_std_devs": [33.69847347333553, 32.5937882352418, 1.6630096384029864, 22.89655730679303, 33.80506122172271, 27.94996130368638, 28.52140834112944, 120.84950233839565], "cluster_num_averages": [[80.90076335877863, 77.87531806615776, 3.366412213740458, 69.23409669211196, 74.2824427480916, 73.29516539440203, 69.42239185750635, 445.0101781170483], [125.71428571428571, 113.38095238095238, 4.238095238095238, 97.14285714285714, 128.8095238095238, 118.04761904761905, 90.95238095238095, 674.047619047619]], "total_size": 414, "cat_names": ["Legendary", "Type 1", "Type 2"], "num_averages": [83.17391304347827, 79.67632850241546, 3.4106280193236715, 70.64975845410628, 77.04830917874396, 75.56521739130434, 70.51449275362319, 456.6280193236715], "cluster_num_std_devs": [[31.7696239278629, 31.458625669980936, 1.6608000294465382, 21.495399549595458, 31.198494242468684, 25.818724458993152, 28.274884423501753, 111.80314742301618], [40.813163142720086, 35.83361018719185, 1.5134319246256802, 31.515529052017694, 39.46342489903664, 32.71158233787566, 25.817583524559748, 65.56712300419791]]}