{
    "shifts": [
        3693374857.716068, 
        147638.24154458003
    ], 
    "columns": [
        "Permit Issue Date", 
        "Est Value"
    ], 
    "inv_scales": [
        2.7343955101005925e-08, 
        5.584717213248782e-07
    ]
}