{
    "usedGridSearch": true, 
    "gridSize": 3, 
    "modelInputNRows": 20120, 
    "modelInputNCols": 107, 
    "modelInputMemory": 17222720, 
    "gridCells": [
        {
            "scoreTimeStd": 0.03175251521095962, 
            "scoreTime": 0.07833333333333332, 
            "fitTime": 2.1643333333333334, 
            "score": 0.17988726602193994, 
            "params": {
                "alpha": 3.0
            }, 
            "fitTimeStd": 0.04317663977456121, 
            "scoreStd": 0.08361427199207902
        }, 
        {
            "scoreTimeStd": 0.004496912521077345, 
            "scoreTime": 0.08033333333333333, 
            "fitTime": 1.9573333333333336, 
            "score": 0.23803629769348014, 
            "params": {
                "alpha": 1.0
            }, 
            "fitTimeStd": 0.1185758079130066, 
            "scoreStd": 0.10846999765359736
        }, 
        {
            "scoreTimeStd": 0.027010286106510527, 
            "scoreTime": 0.06433333333333333, 
            "fitTime": 1.4100000000000001, 
            "score": 0.26445238677364147, 
            "params": {
                "alpha": 0.1
            }, 
            "fitTimeStd": 0.5997065949278864, 
            "scoreStd": 0.11877821177047809
        }
    ], 
    "lmCoefficients": {
        "interceptStderr": null, 
        "interceptTstat": null, 
        "rescaledInterceptCoef": -1200.5518995329328, 
        "rescaledCoefs": [
            -0.3565334214839708, 
            0.020855344599123454, 
            0.7004810939790223, 
            165.2018653438616, 
            175.4653288258368, 
            -86.91467110309716, 
            13.825488660245076, 
            -14.085685813460218, 
            32.175983607397264, 
            347.97165286358853, 
            15.721351742944043, 
            14.832101416338991, 
            -198.89741610857388, 
            -1.4949757878998031, 
            -195.8995414922519, 
            1.11185625630975, 
            170.7833515447866, 
            -119.3770932186504, 
            1562.0656084555792, 
            23.889488136542965, 
            54.11605866412172, 
            869.7579701531175, 
            38.407713830302534, 
            251.35648629282764, 
            -131.99819949939084, 
            72.40709280976051, 
            691.8168736680092, 
            -107.04850685705085, 
            92.66967294355346, 
            968.4864341322746, 
            -73.82574957386, 
            166.93480088774402, 
            1320.7481889142232, 
            -62.00229082971444, 
            100.63234497337471, 
            38.07220139579534, 
            421.7091103447198, 
            41.78215457792028, 
            -37.729362448775525, 
            -89.87089887290873, 
            -73.75652146316838, 
            -86.09533944402139, 
            -69.18589035387336, 
            -73.52642615758405, 
            274.34796827038446, 
            20.129020043185704, 
            62.331209647344735, 
            78.17030365379152, 
            -225.6161550774547, 
            -170.51652465364774, 
            102.21220012661398, 
            -26.897394766965743, 
            -188.3242882309211, 
            -77.51429413716997, 
            708.1789293849379, 
            11.531079955292482, 
            -62.68766529268313, 
            -89.4882084671367, 
            -71.39044164481763, 
            -147.6668900253834, 
            -168.01699309622208, 
            230.0135808739999, 
            74.09373388572578, 
            -25.089780551566292, 
            -1743.4960845471312, 
            20.168053961883988, 
            -153.91821459672337, 
            467.02424637407114, 
            187.3609935296115, 
            -14.716700628504327, 
            1294.0861744875497, 
            35.48073966642179, 
            -182.35862264369337, 
            -196.7649479765211, 
            41.184084353776115, 
            -81.82327137744753, 
            -16.400824280538224, 
            -60.451880527323155, 
            99.88132646959896, 
            73.86814372393198, 
            442.6853528030645, 
            592.4094352976867, 
            -22.1250027117356, 
            517.3185233516022, 
            107.49169100997248, 
            -73.25337242351274, 
            -20.519624566016095, 
            -47.54335137150882, 
            15.017764416717874, 
            278.34176175310387, 
            9.564500053311018, 
            -4.171508893574972, 
            98.65068484721876, 
            -6.681343665530886, 
            1.7047381018549916, 
            6.367330688286869, 
            2.959479837024263, 
            -177.62345397016855, 
            28.57930475164936, 
            -29.608779383417605, 
            21.195130381813915, 
            -162.4145747998246, 
            -24.622550091062724, 
            -202.04517570444665, 
            8.128704310899442, 
            -73.47340487627984
        ],