{
    "usedGridSearch": true, 
    "gridSize": 1, 
    "rawImportance": {
        "variables": [
            "Rank", 
            "Revenue (in millions)", 
            "Year", 
            "pw_linear:Revenue (in millions)+Rank", 
            "pw_linear:Revenue (in millions)-Rank", 
            "dummy:Company:Wyeth", 
            "dummy:Company:Boeing", 
            "dummy:Company:Exxon Mobil", 
            "dummy:Company:Pfizer", 
            "dummy:Company:Coca-Cola", 
            "dummy:Company:Merck", 
            "dummy:Company:Altria Group", 
            "dummy:Company:DuPont", 
            "dummy:Company:Corning", 
            "dummy:Company:Intl. Business Machines", 
            "dummy:Company:General Motors", 
            "dummy:Company:Abbott Laboratories", 
            "dummy:Company:General Electric", 
            "dummy:Company:Eli Lilly", 
            "dummy:Company:Bristol-Myers Squibb", 
            "dummy:Company:Procter & Gamble", 
            "dummy:Company:__Others__"
        ], 
        "importances": [
            0.12083332985639572, 
            0.36250001192092896, 
            0.12083332985639572, 
            0.09166666865348816, 
            0.06666667014360428, 
            0.004166666883975267, 
            0.008333333767950535, 
            0.05833333358168602, 
            0.02500000037252903, 
            0.01666666753590107, 
            0.02916666679084301, 
            0.02083333395421505, 
            0.004166666883975267, 
            0.004166666883975267, 
            0.004166666883975267, 
            0.004166666883975267, 
            0.008333333767950535, 
            0.02083333395421505, 
            0.004166666883975267, 
            0.012500000186264515, 
            0.004166666883975267, 
            0.008333333767950535
        ]
    }, 
    "modelInputNRows": 20120, 
    "modelInputNCols": 108, 
    "modelInputMemory": 17383680, 
    "gridCells": [
        {
            "scoreTimeStd": 0.021400934559032702, 
            "scoreTime": 0.147, 
            "fitTime": 12.517333333333333, 
            "score": 0.3093687590267139, 
            "params": {
                "reg_alpha": 0.0, 
                "colsample_bytree": 1.0, 
                "colsample_bylevel": 1.0, 
                "learning_rate": 0.2, 
                "max_delta_step": 0.0, 
                "min_child_weight": 0.0, 
                "n_estimators": 35, 
                "subsample": 1.0, 
                "reg_lambda": 1.0, 
                "objective": "reg:linear", 
                "max_depth": 3, 
                "gamma": 0.0, 
                "booster": "gbtree"
            }, 
            "fitTimeStd": 2.430871494386781, 
            "scoreStd": 0.1290610731158833
        }
    ], 
    "gridBestScore": 0.3093687590267139, 
    "modelInputIsSparse": false, 
    "nBoostedEstimators": 38
}