{
    "per_feature": {
        "Revenue (in millions)": {
            "stats": {
                "std": 11416.403100997142, 
                "p99": 48242.55000000007, 
                "min": 49.7, 
                "max": 288189.0, 
                "average": 4319.147882703789, 
                "median": 1023.8499999999999
            }, 
            "missing_impute_with_value": 4319.147882703789
        }, 
        "Company": {
            "stats": {
                "mostFrequentValue": "CBS", 
                "leastFrequentValue": "Stop & Shop"
            }, 
            "category_possible_counts": [
                50, 
                46, 
                46, 
                45, 
                45, 
                44, 
                44, 
                44, 
                44, 
                44, 
                44, 
                44, 
                44, 
                44, 
                44, 
                44, 
                44, 
                44, 
                43, 
                43, 
                43, 
                43, 
                43, 
                43, 
                43, 
                43, 
                42, 
                42, 
                42, 
                42, 
                42, 
                42, 
                41, 
                41, 
                41, 
                41, 
                41, 
                41, 
                41, 
                41, 
                41, 
                41, 
                41, 
                41, 
                41, 
                41, 
                41, 
                41, 
                41, 
                41, 
                41, 
                41, 
                41, 
                40, 
                40, 
                40, 
                40, 
                40, 
                40, 
                40, 
                40, 
                40, 
                40, 
                40, 
                40, 
                40, 
                39, 
                39, 
                39, 
                39, 
                39, 
                39, 
                39, 
                39, 
                39, 
                39, 
                39, 
                39, 
                38, 
                38, 
                38, 
                38, 
                38, 
                38, 
                37, 
                37, 
                37, 
                37, 
                37, 
                37, 
                37, 
                37, 
                37, 
                37, 
                37, 
                37, 
                37, 
                37, 
                37, 
                37, 
                36
            ], 
            "category_possible_values": [
                "CBS", 
                "USG", 
                "Alcoa", 
                "Monsanto", 
                "Wyeth", 
                "Rohm & Haas", 
                "General Dynamics", 
                "Goodyear Tire & Rubber", 
                "Sherwin-Williams", 
                "Boeing", 
                "Eaton", 
                "Dow Chemical", 
                "Ashland", 
                "Exxon Mobil", 
                "Weyerhaeuser", 
                "Hershey Foods", 
                "Pfizer", 
                "Unocal", 
                "PepsiCo", 
                "Owens Corning", 
                "McGraw-Hill", 
                "Coca-Cola", 
                "United Technologies", 
                "Colgate-Palmolive", 
                "Merck", 
                "Owens-Illinois", 
                "Gillette", 
                "Altria Group", 
                "Whirlpool", 
                "ConocoPhillips", 
                "Nabisco Group Holdings", 
                "DuPont", 
                "Avon Products", 
                "Amerada Hess", 
                "OfficeMax", 
                "Northrop Grumman", 
                "Unisys", 
                "Crown Holdings", 
                "Sunoco", 
                "Anheuser-Busch", 
                "Paccar", 
                "Phelps Dodge", 
                "H.J. Heinz", 
                "LTV", 
                "International Paper", 
                "Eastman Kodak", 
                "Textron", 
                "Corning", 
                "Dana", 
                "Intl. Business Machines", 
                "Ralston Purina", 
                "Cummins", 
                "Raytheon", 
                "Ryerson Tull", 
                "Motorola", 
                "Navistar International", 
                "Schering-Plough", 
                "PPG Industries", 
                "FMC", 
                "General Motors", 
                "Westvaco", 
                "Texaco", 
                "Abbott Laboratories", 
                "Kimberly-Clark", 
                "Quaker Oats", 
                "General Electric", 
                "Texas Instruments", 
                "Georgia-Pacific", 
                "Lockheed Martin", 
                "General Mills", 
                "TRW", 
                "Mead", 
                "American Standard", 
                "Kellogg", 
                "Campbell Soup", 
                "Eli Lilly", 
                "Bristol-Myers Squibb", 
                "Honeywell", 
                "Procter & Gamble", 
                "Pitney Bowes", 
                "Reynolds Metals", 
                "Hormel Foods", 
                "Litton Industries", 
                "Thiokol", 
                "ChevronTexaco", 
                "Deere", 
                "GAF", 
                "Times Mirror", 
                "Harris", 
                "Bemis", 
                "NCR", 
                "Sealed Air", 
                "Marathon Oil", 
                "ITT Industries", 
                "Rockwell Automation", 
                "Hercules", 
                "Mobil", 
                "Caterpillar", 
                "Bethlehem Steel", 
                "Asarco", 
                "Honeywell Intl."
            ]
        }, 
        "Profit (in millions)": {
            "stats": {}
        }, 
        "Rank": {
            "stats": {
                "std": 144.63668333776005, 
                "p99": 496.0, 
                "min": 1.0, 
                "max": 500.0, 
                "average": 249.50074552683895, 
                "median": 249.0
            }, 
            "missing_impute_with_value": 249.50074552683895
        }, 
        "Year": {
            "stats": {
                "std": 14.79110917718889, 
                "p99": 2005.0, 
                "min": 1955.0, 
                "max": 2005.0, 
                "average": 1979.960536779324, 
                "median": 1980.0
            }, 
            "missing_impute_with_value": 1979.960536779324
        }
    }, 
    "feature_order": [
        "Revenue (in millions)", 
        "Company", 
        "Profit (in millions)", 
        "Rank", 
        "Year"
    ]
}