{"cluster_labels": ["cluster_0", "cluster_1", "cluster_2", "cluster_3", "cluster_4"], "proportions": [[0.9033816425120773, 0.0966183574879227], [0.1280193236714976, 0.12560386473429952, 0.0893719806763285, 0.0893719806763285, 0.08454106280193237, 0.057971014492753624, 0.05314009661835749, 0.05314009661835749, 0.050724637681159424, 0.050724637681159424, 0.04589371980676329, 0.04589371980676329, 0.04106280193236715, 0.03140096618357488, 0.026570048309178744, 0.016908212560386472, 0.004830917874396135, 0.004830917874396135], [0.23429951690821257, 0.08454106280193237, 0.0821256038647343, 0.07971014492753623, 0.06280193236714976, 0.06038647342995169, 0.05555555555555555, 0.05314009661835749, 0.04830917874396135, 0.043478260869565216, 0.033816425120772944, 0.033816425120772944, 0.033816425120772944, 0.033816425120772944, 0.028985507246376812, 0.014492753623188406, 0.00966183574879227, 0.007246376811594203]], "cluster_sizes": [85, 86, 54, 71, 118], "levels": [["false", "true"], ["Water", "Bug", "Grass", "Normal", "Rock", "Fire", "Ghost", "Steel", "Dragon", "Dark", "Psychic", "Ground", "Electric", "Poison", "Ice", "Fighting", "Fairy", "Flying"], ["Flying", "Ground", "Poison", "Psychic", "Fighting", "Grass", "Fairy", "Steel", "Dark", "Dragon", "Water", "Rock", "Ice", "Ghost", "Fire", "Electric", "Normal", "Bug"]], "num_names": ["Attack", "Defense", "Generation", "HP", "Sp. Atk", "Sp. Def", "Speed", "Total"], "cluster_proportions": [[[1.0, 0.0], [0.11764705882352941, 0.10588235294117647, 0.07058823529411765, 0.11764705882352941, 0.047058823529411764, 0.10588235294117647, 0.058823529411764705, 0.023529411764705882, 0.011764705882352941, 0.07058823529411765, 0.03529411764705882, 0.058823529411764705, 0.047058823529411764, 0.03529411764705882, 0.023529411764705882, 0.047058823529411764, 0.011764705882352941, 0.011764705882352941], [0.27058823529411763, 0.058823529411764705, 0.03529411764705882, 0.03529411764705882, 0.1411764705882353, 0.058823529411764705, 0.03529411764705882, 0.058823529411764705, 0.09411764705882353, 0.047058823529411764, 0.011764705882352941, 0.0, 0.03529411764705882, 0.058823529411764705, 0.023529411764705882, 0.011764705882352941, 0.023529411764705882, 0.0]], [[1.0, 0.0], [0.2558139534883721, 0.16279069767441862, 0.13953488372093023, 0.06976744186046512, 0.08139534883720931, 0.03488372093023256, 0.023255813953488372, 0.0, 0.011627906976744186, 0.03488372093023256, 0.03488372093023256, 0.023255813953488372, 0.011627906976744186, 0.046511627906976744, 0.046511627906976744, 0.011627906976744186, 0.011627906976744186, 0.0], [0.27906976744186046, 0.12790697674418605, 0.18604651162790697, 0.10465116279069768, 0.046511627906976744, 0.023255813953488372, 0.046511627906976744, 0.023255813953488372, 0.023255813953488372, 0.011627906976744186, 0.046511627906976744, 0.023255813953488372, 0.03488372093023256, 0.0, 0.011627906976744186, 0.011627906976744186, 0.0, 0.0]], [[0.9814814814814815, 0.018518518518518517], [0.07407407407407407, 0.16666666666666666, 0.037037037037037035, 0.018518518518518517, 0.18518518518518517, 0.05555555555555555, 0.05555555555555555, 0.18518518518518517, 0.0, 0.037037037037037035, 0.0, 0.05555555555555555, 0.1111111111111111, 0.018518518518518517, 0.0, 0.0, 0.0, 0.0], [0.05555555555555555, 0.12962962962962962, 0.0, 0.09259259259259259, 0.018518518518518517, 0.09259259259259259, 0.07407407407407407, 0.16666666666666666, 0.018518518518518517, 0.018518518518518517, 0.037037037037037035, 0.14814814814814814, 0.037037037037037035, 0.05555555555555555, 0.018518518518518517, 0.018518518518518517, 0.0, 0.018518518518518517]], [[0.4507042253521127, 0.5492957746478874], [0.04225352112676056, 0.04225352112676056, 0.07042253521126761, 0.028169014084507043, 0.07042253521126761, 0.09859154929577464, 0.04225352112676056, 0.07042253521126761, 0.2535211267605634, 0.04225352112676056, 0.11267605633802817, 0.04225352112676056, 0.056338028169014086, 0.0, 0.014084507042253521, 0.014084507042253521, 0.0, 0.0], [0.28169014084507044, 0.056338028169014086, 0.028169014084507043, 0.11267605633802817, 0.09859154929577464, 0.014084507042253521, 0.04225352112676056, 0.04225352112676056, 0.056338028169014086, 0.11267605633802817, 0.014084507042253521, 0.0, 0.056338028169014086, 0.014084507042253521, 0.056338028169014086, 0.014084507042253521, 0.0, 0.0]], [[1.0, 0.0], [0.11864406779661017, 0.1440677966101695, 0.1016949152542373, 0.15254237288135594, 0.07627118644067797, 0.01694915254237288, 0.07627118644067797, 0.0423728813559322, 0.00847457627118644, 0.059322033898305086, 0.0423728813559322, 0.05084745762711865, 0.01694915254237288, 0.0423728813559322, 0.03389830508474576, 0.00847457627118644, 0.0, 0.00847457627118644], [0.2288135593220339, 0.06779661016949153, 0.11016949152542373, 0.06779661016949153, 0.01694915254237288, 0.1016949152542373, 0.07627118644067797, 0.025423728813559324, 0.0423728813559322, 0.03389830508474576, 0.05084745762711865, 0.03389830508474576, 0.01694915254237288, 0.0423728813559322, 0.03389830508474576, 0.01694915254237288, 0.01694915254237288, 0.01694915254237288]]], "num_std_devs": [33.69847347333553, 32.5937882352418, 1.6630096384029864, 22.89655730679303, 33.80506122172271, 27.94996130368638, 28.52140834112944, 120.84950233839565], "cluster_num_averages": [[92.84705882352941, 74.27058823529411, 4.764705882352941, 79.38823529411765, 82.25882352941177, 71.45882352941176, 89.70588235294117, 489.9294117647059], [80.79069767441861, 73.34883720930233, 1.8372093023255813, 75.26744186046511, 78.86046511627907, 78.27906976744185, 72.17441860465117, 458.72093023255815], [83.33333333333333, 128.74074074074073, 3.7777777777777777, 66.74074074074075, 72.37037037037037, 96.81481481481481, 47.907407407407405, 495.9074074074074], [123.28169014084507, 99.63380281690141, 3.380281690140845, 91.71830985915493, 120.90140845070422, 102.61971830985915, 96.87323943661971, 635.0281690140845], [53.73728813559322, 53.720338983050844, 3.4322033898305087, 50.101694915254235, 47.728813559322035, 50.54237288135593, 49.96610169491525, 305.79661016949154]], "total_size": 414, "cat_names": ["Legendary", "Type 1", "Type 2"], "num_averages": [83.17391304347827, 79.67632850241546, 3.4106280193236715, 70.64975845410628, 77.04830917874396, 75.56521739130434, 70.51449275362319, 456.6280193236715], "cluster_num_std_devs": [[24.889998891481035, 19.24304960195221, 0.9341033238394145, 17.589292006141434, 24.86159446921739, 16.705825146862246, 22.211013746622665, 47.128443599151794], [23.89935577722436, 18.45042160644413, 0.8521317920200328, 19.095071380489564, 23.148199162937154, 18.6406583844788, 24.732541964200614, 46.28267396891328], [28.1284117427524, 32.51135371213673, 1.4493546601220866, 19.136239634930334, 27.521035725557415, 32.92133223310982, 19.62119427684654, 50.617421312443945], [29.514733898556763, 20.608763348647663, 1.597911111269054, 18.13456297365538, 29.677386739775677, 19.167954058184193, 19.76355200685255, 51.20294964466289], [18.626067555523765, 20.519278237094213, 1.7070933639232535, 15.083465691731758, 16.266824829490204, 17.095330530447225, 17.659617463207827, 43.51825617932628]]}