{
    "shifts": [
        4319.147882703789, 
        249.50074552683895, 
        1979.960536779324, 
        -1.4441507411172837e-15, 
        -7.83468717337864e-16
    ], 
    "columns": [
        "Revenue (in millions)", 
        "Rank", 
        "Year", 
        "pw_linear:Revenue (in millions)+Rank", 
        "pw_linear:Revenue (in millions)-Rank"
    ], 
    "inv_scales": [
        8.759326305784149e-05, 
        0.0069138753525256735, 
        0.06760818191662175, 
        0.8856811691986267, 
        0.605761322338939
    ]
}