{
    "pw_linear": {
        "shifts": {
            "pw_linear:Revenue (in millions)+Rank": -1.4441507411172837e-15, 
            "pw_linear:Revenue (in millions)-Rank": -7.83468717337864e-16
        }, 
        "inv_scales": {
            "pw_linear:Revenue (in millions)+Rank": 0.8856811691986267, 
            "pw_linear:Revenue (in millions)-Rank": 0.605761322338939
        }
    }
}