{
    "gridSize": 3, 
    "nThreads": 4, 
    "metric": "R2", 
    "gridPoints": [
        {
            "index": 0, 
            "finishedAt": 1587977287880.0, 
            "score": 0.5590162282090755, 
            "parameters": {
                "alpha": 0.1
            }, 
            "time": 1418.0
        }, 
        {
            "index": 1, 
            "finishedAt": 1587977287999.0, 
            "score": 0.48559521652450416, 
            "parameters": {
                "alpha": 1.0
            }, 
            "time": 616.0
        }, 
        {
            "index": 2, 
            "finishedAt": 1587977287931.0, 
            "score": 0.3249215408019466, 
            "parameters": {
                "alpha": 3.0
            }, 
            "time": 1658.0
        }
    ], 
    "startedAt": 1587977286981, 
    "nSplits": 3
}