{
    "usedGridSearch": true, 
    "gridSize": 3, 
    "modelInputNRows": 20104, 
    "modelInputNCols": 105, 
    "modelInputMemory": 16887360, 
    "gridCells": [
        {
            "scoreTimeStd": 0.1998716254666146, 
            "scoreTime": 0.18799999999999997, 
            "fitTime": 0.2846666666666667, 
            "score": 0.5590162282090754, 
            "params": {
                "alpha": 0.1
            }, 
            "fitTimeStd": 0.15100183957672686, 
            "scoreStd": 0.3101466689713803
        }, 
        {
            "scoreTimeStd": 0.015107025591499547, 
            "scoreTime": 0.03366666666666667, 
            "fitTime": 0.519, 
            "score": 0.3249215408019466, 
            "params": {
                "alpha": 3.0
            }, 
            "fitTimeStd": 0.21822923727126942, 
            "scoreStd": 0.14410424134197058
        }, 
        {
            "scoreTimeStd": 0.007845734863959881, 
            "scoreTime": 0.023333333333333334, 
            "fitTime": 0.18200000000000002, 
            "score": 0.48559521652450416, 
            "params": {
                "alpha": 1.0
            }, 
            "fitTimeStd": 0.1578754783576812, 
            "scoreStd": 0.22435725131415457
        }
    ], 
    "lmCoefficients": {
        "interceptStderr": null, 
        "interceptTstat": null, 
        "rescaledInterceptCoef": -3548.0045125921392, 
        "rescaledCoefs": [
            -0.17972822940362085, 
            0.022649600180675276, 
            1.8349631240907505, 
            -32.82037745130127, 
            3.1489722390046055, 
            -34.58533311956256, 
            217.9738327884443, 
            1476.0786364165563, 
            -155.36294832612955, 
            402.0240286297052, 
            -104.99250417427896, 
            -42.102504715876016, 
            16.128782066968938, 
            36.429109137332176, 
            -6.218551625774539, 
            283.3824048626621, 
            99.56300421713594, 
            63.94196401930866, 
            -15.062571042413039, 
            -5.525752228828198, 
            252.89835212824977, 
            -23.74293007154398, 
            -124.03497586432582, 
            233.7783715198301, 
            -31.18341717198292, 
            456.8815669046981, 
            31.210045722416485, 
            40.340065989630766, 
            -25.922081719570265, 
            114.82675588870582, 
            -13.673928649926802, 
            111.3292464455202, 
            21.88559306175114, 
            -164.93706579738628, 
            210.33774038790406, 
            -53.70663672015387, 
            44.32456780597295, 
            15.526032850889568, 
            -149.13862179101415, 
            -5.365153967481563, 
            258.5998280417643, 
            0.6491423654885919, 
            16.81951021034867, 
            -9.823085066529872, 
            6.596255549599381, 
            -60.99026826010175, 
            43.12848990149309, 
            -50.818909956850604, 
            25.189021955849604, 
            100.36577503965674, 
            13.278355282370802, 
            189.09218967881952, 
            314.5865781618038, 
            44.18097474723334, 
            -36.2085509881517, 
            13.080653030770787, 
            -11.04126167905937, 
            -161.4909502305609, 
            -16.134909082861512, 
            -66.65106661297007, 
            956.3441662344649, 
            -25.61526992931488, 
            7.651162745582227, 
            -8.716079650436464, 
            -16.95183152352999, 
            -76.25116150459982, 
            43.79621181502305, 
            -34.35458710792493, 
            190.60290102041031, 
            -23.65609103838762, 
            -18.666199882718626, 
            -41.36074901663465, 
            82.97585235105039, 
            -50.29731166232861, 
            -41.90227864387217, 
            -8.716691422341349, 
            50.775471753199646, 
            96.23889410161911, 
            203.27060210672778, 
            64.0785854595271, 
            364.65012639360714, 
            -34.536505967079044, 
            759.9088760582697, 
            62.57244756268798, 
            12.38888173378803, 
            7.613210684454331, 
            -77.97763753387909, 
            3.9355412023383853, 
            10.81972237423574, 
            -63.369096451067655, 
            43.80388932287132, 
            514.4563551186426, 
            -18.770402167672064, 
            -8.110476064319746, 
            271.4475219088355, 
            0.4130499875853202, 
            216.97367637105592, 
            9.379095637794926, 
            238.80380187350704, 
            -36.98079191336615, 
            278.7571792565774, 
            -41.47535045039293, 
            -12.849098211819802, 
            58.16275470441915
        ],