{
    "usedGridSearch": true, 
    "gridSize": 3, 
    "modelInputNRows": 29348, 
    "modelInputNCols": 121, 
    "modelInputMemory": 28408864, 
    "gridCells": [
        {
            "scoreTimeStd": 0.021354156504062624, 
            "scoreTime": 0.054, 
            "fitTime": 0.9503333333333334, 
            "score": 0.44572803461211813, 
            "params": {
                "alpha": 3.0
            }, 
            "fitTimeStd": 0.007760297817881884, 
            "scoreStd": 0.0057909087585132375
        }, 
        {
            "scoreTimeStd": 0.00454606056566195, 
            "scoreTime": 0.037, 
            "fitTime": 0.5283333333333333, 
            "score": 0.7533889868178464, 
            "params": {
                "alpha": 1.0
            }, 
            "fitTimeStd": 0.2883289017000473, 
            "scoreStd": 0.0048165374852468445
        }, 
        {
            "scoreTimeStd": 0.02163844315615664, 
            "scoreTime": 0.035666666666666666, 
            "fitTime": 0.225, 
            "score": 0.9913940848027588, 
            "params": {
                "alpha": 0.1
            }, 
            "fitTimeStd": 0.09728309205612248, 
            "scoreStd": 0.00028869085201512856
        }
    ], 
    "lmCoefficients": {
        "interceptStderr": null, 
        "interceptTstat": null, 
        "rescaledInterceptCoef": -227001.48868946458, 
        "rescaledCoefs": [
            6.933152873352803e-05, 
            0.9062104775814634, 
            -24892.168214167315, 
            7283.430333875533, 
            -70760.0764669795, 
            9345.394546657644, 
            -20848.526829397444, 
            75596.50159936702, 
            5411.827013167457, 
            -15923.025475853066, 
            -13886.716843505119, 
            63908.42235095927, 
            30600.610577750514, 
            -3665.711860318701, 
            -24334.480595400175, 
            6825.367114195271, 
            -32118.027545547167, 
            -35001.81649260157, 
            6400.970981804653, 
            -30357.921842930788, 
            -1805.473558985366, 
            6849.486609235668, 
            8502.210563275723, 
            538.2254349134217, 
            -43676.4239883478, 
            -26743.597541752228, 
            11955.901215672548, 
            6022.79278207523, 
            10105.663489533239, 
            -39832.80810746518, 
            -2072.8793653024727, 
            47548.41222944817, 
            -86.54502619947515, 
            -26843.00019115365, 
            -35171.500992276146, 
            -2256.3769056520573, 
            -27461.494382658027, 
            8765.073462881724, 
            9849.607958055338, 
            5429.838909642913, 
            41109.2361204611, 
            -1873.6717802020985, 
            14726.610279849565, 
            -9883.874904898268, 
            3928.1108126746703, 
            5119.3413151372815, 
            4219.908748222605, 
            38426.946391396275, 
            2289.3881035416466, 
            -28748.679259614568, 
            4622.720134553593, 
            1540.316939308977, 
            -82756.33902417716, 
            -4911.563033299703, 
            -5863.240581757593, 
            6565.52628413419, 
            -15216.497269989573, 
            -30283.3911123929, 
            -116.54630801912091, 
            -20467.78032087631, 
            -94245.55334569493, 
            -3577.6225712595688, 
            7697.329144990493, 
            -2495.9435869067975, 
            4675.511013124181, 
            -23092.180566595955, 
            5809.1156169644155, 
            47367.38439850175, 
            2741.093205867949, 
            -35001.056527871224, 
            6435.149968709969, 
            -34600.237369640774, 
            -140.53987275801722, 
            -20679.819311313837, 
            -7536.091350420433, 
            -34846.29812846929, 
            11735.405509967124, 
            -19778.408300315696, 
            106165.44817363443, 
            -14282.471509781035, 
            -27461.215877721872, 
            2048.012815030209, 
            1913.7854786221785, 
            12098.272062002066, 
            -39100.43407226833, 
            -167.76842363892658, 
            49832.26467756568, 
            -33589.5760780602, 
            2800.2503028182205, 
            2916.2727309329703, 
            14418.260774237378, 
            1161.9843989175633, 
            -4237.012742651986, 
            -26955.04333626735, 
            -105251.20218620816, 
            -4418.48865166969, 
            -91576.61243852621, 
            -27819.52198903201, 
            4008.1222080514744, 
            -5963.947565424796, 
            -25812.30072331055, 
            -25443.551371336005, 
            -48740.7025443102, 
            -112398.34432395421, 
            5457.690317988296, 
            4919.371732018727, 
            6983.53403300666, 
            6450.291507076117, 
            -5441.149292212972, 
            6147.218660435278, 
            -672.1908170603673, 
            301117.30804872024, 
            -4421.777809643278, 
            5387.890011399342, 
            4569.417379133092, 
            13741.66726205865
        ],