{
    "shifts": [
        3680637297.239267, 
        150240.65926127846
    ], 
    "columns": [
        "Permit Issue Date", 
        "State Valuation"
    ], 
    "inv_scales": [
        3.405126102822057e-08, 
        5.191249766192737e-07
    ]
}