{
    "gridSize": 3, 
    "nThreads": 4, 
    "metric": "R2", 
    "gridPoints": [
        {
            "index": 0, 
            "finishedAt": 1587448342167.0, 
            "score": 0.9913296427667966, 
            "parameters": {
                "alpha": 0.1
            }, 
            "time": 2154.0
        }, 
        {
            "index": 1, 
            "finishedAt": 1587448341852.0, 
            "score": 0.7520070933963724, 
            "parameters": {
                "alpha": 1.0
            }, 
            "time": 3044.0
        }, 
        {
            "index": 2, 
            "finishedAt": 1587448340886.0, 
            "score": 0.4440845054278198, 
            "parameters": {
                "alpha": 3.0
            }, 
            "time": 3331.0
        }
    ], 
    "startedAt": 1587448339670, 
    "nSplits": 3
}