{
    "shifts": [
        3693374857.716068, 
        148009.9584622183
    ], 
    "columns": [
        "Permit Issue Date", 
        "State Valuation"
    ], 
    "inv_scales": [
        2.7343955101005925e-08, 
        5.585050244035212e-07
    ]
}