{"cluster_labels": ["node_90", "node_91", "node_93", "node_94", "node_41"], "proportions": [[0.9033816425120773, 0.0966183574879227], [0.1280193236714976, 0.12560386473429952, 0.0893719806763285, 0.0893719806763285, 0.08454106280193237, 0.057971014492753624, 0.05314009661835749, 0.05314009661835749, 0.050724637681159424, 0.050724637681159424, 0.04589371980676329, 0.04589371980676329, 0.04106280193236715, 0.03140096618357488, 0.026570048309178744, 0.016908212560386472, 0.004830917874396135, 0.004830917874396135], [0.23429951690821257, 0.08454106280193237, 0.0821256038647343, 0.07971014492753623, 0.06280193236714976, 0.06038647342995169, 0.05555555555555555, 0.05314009661835749, 0.04830917874396135, 0.043478260869565216, 0.033816425120772944, 0.033816425120772944, 0.033816425120772944, 0.033816425120772944, 0.028985507246376812, 0.014492753623188406, 0.00966183574879227, 0.007246376811594203]], "cluster_sizes": [85, 124, 42, 162, 1], "levels": [["false", "true"], ["Water", "Bug", "Grass", "Normal", "Rock", "Fire", "Ghost", "Steel", "Dragon", "Dark", "Psychic", "Ground", "Electric", "Poison", "Ice", "Fighting", "Fairy", "Flying"], ["Flying", "Ground", "Poison", "Psychic", "Fighting", "Grass", "Fairy", "Steel", "Dark", "Dragon", "Water", "Rock", "Ice", "Ghost", "Fire", "Electric", "Normal", "Bug"]], "num_names": ["Attack", "Defense", "Generation", "HP", "Sp. Atk", "Sp. Def", "Speed", "Total"], "cluster_proportions": [[[0.5411764705882353, 0.4588235294117647], [0.047058823529411764, 0.023529411764705882, 0.058823529411764705, 0.047058823529411764, 0.03529411764705882, 0.12941176470588237, 0.03529411764705882, 0.03529411764705882, 0.21176470588235294, 0.03529411764705882, 0.10588235294117647, 0.058823529411764705, 0.11764705882352941, 0.0, 0.011764705882352941, 0.03529411764705882, 0.011764705882352941, 0.0], [0.24705882352941178, 0.03529411764705882, 0.023529411764705882, 0.11764705882352941, 0.1411764705882353, 0.023529411764705882, 0.047058823529411764, 0.058823529411764705, 0.023529411764705882, 0.09411764705882353, 0.023529411764705882, 0.0, 0.047058823529411764, 0.023529411764705882, 0.08235294117647059, 0.011764705882352941, 0.0, 0.0]], [[1.0, 0.0], [0.12096774193548387, 0.16129032258064516, 0.0967741935483871, 0.1693548387096774, 0.056451612903225805, 0.04838709677419355, 0.06451612903225806, 0.024193548387096774, 0.016129032258064516, 0.06451612903225806, 0.04032258064516129, 0.04032258064516129, 0.008064516129032258, 0.04032258064516129, 0.03225806451612903, 0.008064516129032258, 0.0, 0.008064516129032258], [0.24193548387096775, 0.08064516129032258, 0.10483870967741936, 0.056451612903225805, 0.04032258064516129, 0.0967741935483871, 0.07258064516129033, 0.024193548387096774, 0.04032258064516129, 0.04032258064516129, 0.04032258064516129, 0.024193548387096774, 0.016129032258064516, 0.04032258064516129, 0.03225806451612903, 0.016129032258064516, 0.016129032258064516, 0.016129032258064516]], [[0.9761904761904762, 0.023809523809523808], [0.14285714285714285, 0.23809523809523808, 0.07142857142857142, 0.023809523809523808, 0.16666666666666666, 0.047619047619047616, 0.023809523809523808, 0.14285714285714285, 0.0, 0.047619047619047616, 0.0, 0.047619047619047616, 0.023809523809523808, 0.023809523809523808, 0.0, 0.0, 0.0, 0.0], [0.047619047619047616, 0.14285714285714285, 0.0, 0.16666666666666666, 0.07142857142857142, 0.047619047619047616, 0.07142857142857142, 0.16666666666666666, 0.09523809523809523, 0.047619047619047616, 0.0, 0.07142857142857142, 0.023809523809523808, 0.047619047619047616, 0.0, 0.0, 0.0, 0.0]], [[1.0, 0.0], [0.1728395061728395, 0.11728395061728394, 0.10493827160493827, 0.06790123456790123, 0.1111111111111111, 0.030864197530864196, 0.06172839506172839, 0.06172839506172839, 0.006172839506172839, 0.04938271604938271, 0.030864197530864196, 0.043209876543209874, 0.030864197530864196, 0.043209876543209874, 0.037037037037037035, 0.018518518518518517, 0.006172839506172839, 0.006172839506172839], [0.2716049382716049, 0.09876543209876543, 0.11728395061728394, 0.05555555555555555, 0.037037037037037035, 0.05555555555555555, 0.043209876543209874, 0.043209876543209874, 0.05555555555555555, 0.018518518518518517, 0.043209876543209874, 0.043209876543209874, 0.043209876543209874, 0.030864197530864196, 0.006172839506172839, 0.018518518518518517, 0.012345679012345678, 0.006172839506172839]], [[1.0, 0.0], [0.0, 1.0, 0.0, 0.0, 0.0, 0.0, 0.0, 0.0, 0.0, 0.0, 0.0, 0.0, 0.0, 0.0, 0.0, 0.0, 0.0, 0.0], [0.0, 0.0, 0.0, 0.0, 0.0, 0.0, 0.0, 0.0, 0.0, 0.0, 0.0, 1.0, 0.0, 0.0, 0.0, 0.0, 0.0, 0.0]]], "num_std_devs": [33.69847347333553, 32.5937882352418, 1.6630096384029864, 22.89655730679303, 33.80506122172271, 27.94996130368638, 28.52140834112944, 120.84950233839565], "cluster_num_averages": [[108.69411764705882, 93.75294117647059, 3.788235294117647, 86.09411764705882, 120.12941176470588, 99.31764705882352, 97.61176470588235, 605.6], [54.74193548387097, 53.08870967741935, 3.620967741935484, 52.79838709677419, 48.774193548387096, 53.38709677419355, 52.37096774193548, 315.16129032258067], [103.80952380952381, 121.83333333333333, 3.1904761904761907, 77.38095238095238, 79.97619047619048, 103.35714285714286, 48.666666666666664, 535.0238095238095], [86.64814814814815, 80.78395061728395, 3.117283950617284, 74.77777777777777, 75.74074074074075, 71.91975308641975, 76.25308641975309, 466.12345679012344], [10.0, 230.0, 2.0, 20.0, 10.0, 230.0, 5.0, 505.0]], "total_size": 414, "cat_names": ["Legendary", "Type 1", "Type 2"], "num_averages": [83.17391304347827, 79.67632850241546, 3.4106280193236715, 70.64975845410628, 77.04830917874396, 75.56521739130434, 70.51449275362319, 456.6280193236715], "cluster_num_std_devs": [[34.010160781957, 18.99304752644337, 1.3980779122565, 20.82101932995538, 25.747763765724862, 19.70811517932572, 15.58623791442085, 67.58684008282195], [18.813967725849317, 18.99679566337446, 1.6309643111720167, 17.105117305291984, 15.5039143809867, 18.43146376562111, 17.693629252616102, 52.548450287233265], [35.49664229757313, 32.592769411116, 1.5179912149573105, 17.517868760214988, 30.027213750552527, 25.244967070078303, 22.03065122723191, 69.3297135099913], [24.39897977253657, 27.1379542466487, 1.7985011097724173, 20.017383749479176, 23.343121283348925, 18.433017363719962, 27.779592073255145, 53.928497108659904], [null, null, null, null, null, null, null, null]]}