{
    "usedGridSearch": true, 
    "gridSize": 3, 
    "modelInputNRows": 29419, 
    "modelInputNCols": 121, 
    "modelInputMemory": 28477592, 
    "gridCells": [
        {
            "scoreTimeStd": 0.018832595855767378, 
            "scoreTime": 0.073, 
            "fitTime": 2.4723333333333333, 
            "score": 0.7520562622667087, 
            "params": {
                "alpha": 1.0
            }, 
            "fitTimeStd": 0.050294687150389546, 
            "scoreStd": 0.0013804855703651465
        }, 
        {
            "scoreTimeStd": 0.028709270666845966, 
            "scoreTime": 0.055333333333333325, 
            "fitTime": 1.5836666666666668, 
            "score": 0.9913384467759953, 
            "params": {
                "alpha": 0.1
            }, 
            "fitTimeStd": 0.6227371480452693, 
            "scoreStd": 0.00013555827617323638
        }, 
        {
            "scoreTimeStd": 0.025590796956892314, 
            "scoreTime": 0.04866666666666667, 
            "fitTime": 0.7893333333333334, 
            "score": 0.444116599670317, 
            "params": {
                "alpha": 3.0
            }, 
            "fitTimeStd": 0.4619764303752111, 
            "scoreStd": 0.0012207255287844153
        }
    ], 
    "lmCoefficients": {
        "interceptStderr": null, 
        "interceptTstat": null, 
        "rescaledInterceptCoef": -85265.20309739895, 
        "rescaledCoefs": [
            0.9055782934124106, 
            3.0133949518119602e-05, 
            -19865.335579262744, 
            9301.429473094591, 
            -68068.00733821595, 
            15660.390954079749, 
            -16402.245922300677, 
            82480.52533687539, 
            4788.9619778034485, 
            -17290.83880079754, 
            -14943.135591324, 
            67968.99693008617, 
            33444.305535735984, 
            10398.824078738155, 
            -13671.373779391331, 
            5937.1434657596255, 
            -1867.257880289448, 
            3095.4265642192427, 
            -23064.215500433413, 
            3737.831123238755, 
            3752.755263670885, 
            -31062.039474123856, 
            48279.08804265081, 
            2153.4703835145474, 
            -58161.68189423603, 
            -64957.106821450114, 
            -35622.137121093525, 
            -37386.10498206918, 
            -2340.494862914875, 
            -29516.23432719757, 
            -23843.253780565046, 
            5407.580884709593, 
            2919.47228824736, 
            8107.156148915887, 
            -21055.45337373123, 
            5040.4179401549645, 
            -28719.999645194115, 
            4387.319888590601, 
            -9636.581715950528, 
            -9566.909211155884, 
            -12209.84586899412, 
            5200.715536449699, 
            1046.1588654435393, 
            -29662.24050672887, 
            43522.77609078465, 
            10830.623447651918, 
            2851.7689007411664, 
            -154221.41753495828, 
            -18160.208950798387, 
            12535.222421166864, 
            50197.47588176694, 
            -25971.428386999592, 
            1003.2249935721396, 
            -21055.21958166043, 
            -23200.259876989134, 
            -7205.940590077657, 
            4963.660808487183, 
            1930.4835767263442, 
            7096.0090797020075, 
            2056.602180724862, 
            -1010.3990162043154, 
            -50868.49423816124, 
            4524.811313942764, 
            -5687.912227303195, 
            6648.979930851877, 
            -20706.741133287553, 
            -6822.842269608645, 
            2722.9584960314246, 
            -20258.151408597012, 
            7041.654116648911, 
            -19613.257080712214, 
            7345.955115916147, 
            1096.194828470474, 
            729.3105814438842, 
            -14571.015673246266, 
            -85593.9169938598, 
            -37062.99510415456, 
            -23921.892548644977, 
            3875.967254844527, 
            -23776.880213854416, 
            -36574.936238731985, 
            8681.60500000062, 
            3920.866716222869, 
            4090.7909078214675, 
            5414.531655944216, 
            -8285.186968801538, 
            -27270.57848912856, 
            -4058.6397803744785, 
            -39583.08252511977, 
            -24752.014917674533, 
            -37459.5811659735, 
            -9879.62247395652, 
            -18505.03137569868, 
            4917.143596706392, 
            4704.956474578555, 
            -24407.912510322836, 
            5540.894634124868, 
            7141.962515783569, 
            -313.1962614586681, 
            -28713.418892307134, 
            5693.2453286871405, 
            -32626.6012957646, 
            6899.603540623773, 
            -85841.08462546805, 
            -27182.355459597555, 
            -34073.21789063286, 
            71875.92081441575, 
            3547.517628291149, 
            -31063.20500133176, 
            -38095.86042236484, 
            5462.058994094307, 
            -5053.171413312927, 
            492.93766852095644, 
            9956.460311040055, 
            3715.742962014644, 
            13562.091293516696
        ],