{
    "shifts": [
        2176.4106943891798, 
        249.02521886191803, 
        1974.7973537604457
    ], 
    "columns": [
        "Revenue (in millions)", 
        "Rank", 
        "Year"
    ], 
    "inv_scales": [
        0.00015622736216638254, 
        0.006933855595095416, 
        0.08486641545668162
    ]
}