{
    "shifts": [
        3.4106280193236715, 
        70.64975845410628, 
        75.56521739130434, 
        77.04830917874396, 
        83.17391304347827, 
        79.67632850241546, 
        456.6280193236715, 
        70.51449275362319
    ], 
    "columns": [
        "Generation", 
        "HP", 
        "Sp. Def", 
        "Sp. Atk", 
        "Attack", 
        "Defense", 
        "Total", 
        "Speed"
    ], 
    "inv_scales": [
        0.6013194252802498, 
        0.04367468814638419, 
        0.035778224847420735, 
        0.029581369293820787, 
        0.02967493470561111, 
        0.030680692676243047, 
        0.008274754803705016, 
        0.03506138224450666
    ]
}